Region,Year,Month,Deaths
North East,2006,1,2570
North East,2006,2,2194
North East,2006,3,2517
North East,2006,4,2221
North East,2006,5,2381
North East,2006,6,2136
North East,2006,7,2030
North East,2006,8,2078
North East,2006,9,1929
North East,2006,10,2218
North East,2006,11,2268
North East,2006,12,2328
North West,2006,1,6797
North West,2006,2,5832
North West,2006,3,6628
North West,2006,4,5756
North West,2006,5,6013
North West,2006,6,5662
North West,2006,7,5450
North West,2006,8,5445
North West,2006,9,5223
North West,2006,10,5674
North West,2006,11,5780
North West,2006,12,5566
Yorkshire and the Humber,2006,1,4789
Yorkshire and the Humber,2006,2,4081
Yorkshire and the Humber,2006,3,4636
Yorkshire and the Humber,2006,4,3986
Yorkshire and the Humber,2006,5,4193
Yorkshire and the Humber,2006,6,4010
Yorkshire and the Humber,2006,7,3792
Yorkshire and the Humber,2006,8,3905
Yorkshire and the Humber,2006,9,3660
Yorkshire and the Humber,2006,10,4068
Yorkshire and the Humber,2006,11,4235
Yorkshire and the Humber,2006,12,4046
East Midlands,2006,1,3977
East Midlands,2006,2,3559
East Midlands,2006,3,4036
East Midlands,2006,4,3460
East Midlands,2006,5,3444
East Midlands,2006,6,3379
East Midlands,2006,7,3313
East Midlands,2006,8,3280
East Midlands,2006,9,2947
East Midlands,2006,10,3409
East Midlands,2006,11,3593
East Midlands,2006,12,3411
Wales,2006,1,2997
Wales,2006,2,2686
Wales,2006,3,3014
Wales,2006,4,2524
Wales,2006,5,2562
Wales,2006,6,2550
Wales,2006,7,2483
Wales,2006,8,2439
Wales,2006,9,2298
Wales,2006,10,2433
Wales,2006,11,2569
Wales,2006,12,2528
West Midlands,2006,1,5166
West Midlands,2006,2,4358
West Midlands,2006,3,5163
West Midlands,2006,4,4193
West Midlands,2006,5,4492
West Midlands,2006,6,4197
West Midlands,2006,7,4059
West Midlands,2006,8,4008
West Midlands,2006,9,3832
West Midlands,2006,10,4171
West Midlands,2006,11,4363
West Midlands,2006,12,4118
East,2006,1,5083
East,2006,2,4494
East,2006,3,5130
East,2006,4,4212
East,2006,5,4409
East,2006,6,4174
East,2006,7,3933
East,2006,8,4004
East,2006,9,3724
East,2006,10,4075
East,2006,11,4379
East,2006,12,4229
London,2006,1,4945
London,2006,2,4437
London,2006,3,5082
London,2006,4,3984
London,2006,5,4358
London,2006,6,4231
London,2006,7,4029
London,2006,8,4094
London,2006,9,3709
London,2006,10,4059
London,2006,11,4276
London,2006,12,4000
South East,2006,1,7624
South East,2006,2,6560
South East,2006,3,7709
South East,2006,4,6020
South East,2006,5,6244
South East,2006,6,6083
South East,2006,7,5798
South East,2006,8,5702
South East,2006,9,5421
South East,2006,10,6042
South East,2006,11,6345
South East,2006,12,5948
South West,2006,1,5057
South West,2006,2,4381
South West,2006,3,5195
South West,2006,4,4187
South West,2006,5,4236
South West,2006,6,4262
South West,2006,7,3878
South West,2006,8,4074
South West,2006,9,3761
South West,2006,10,4141
South West,2006,11,4418
South West,2006,12,4165
North East,2007,1,2736
North East,2007,2,2300
North East,2007,3,2447
North East,2007,4,2165
North East,2007,5,2192
North East,2007,6,1959
North East,2007,7,2131
North East,2007,8,2007
North East,2007,9,1890
North East,2007,10,2320
North East,2007,11,2237
North East,2007,12,2349
North West,2007,1,7136
North West,2007,2,6309
North West,2007,3,6282
North West,2007,4,5803
North West,2007,5,5768
North West,2007,6,5323
North West,2007,7,5592
North West,2007,8,5342
North West,2007,9,4966
North West,2007,10,5996
North West,2007,11,6006
North West,2007,12,5989
Yorkshire and the Humber,2007,1,5024
Yorkshire and the Humber,2007,2,4543
Yorkshire and the Humber,2007,3,4326
Yorkshire and the Humber,2007,4,4263
Yorkshire and the Humber,2007,5,4079
Yorkshire and the Humber,2007,6,3830
Yorkshire and the Humber,2007,7,3940
Yorkshire and the Humber,2007,8,3886
Yorkshire and the Humber,2007,9,3518
Yorkshire and the Humber,2007,10,4254
Yorkshire and the Humber,2007,11,4229
Yorkshire and the Humber,2007,12,4525
East Midlands,2007,1,4020
East Midlands,2007,2,3786
East Midlands,2007,3,3687
East Midlands,2007,4,3322
East Midlands,2007,5,3437
East Midlands,2007,6,3101
East Midlands,2007,7,3254
East Midlands,2007,8,3228
East Midlands,2007,9,2897
East Midlands,2007,10,3566
East Midlands,2007,11,3497
East Midlands,2007,12,3616
Wales,2007,1,3153
Wales,2007,2,2906
Wales,2007,3,2709
Wales,2007,4,2736
Wales,2007,5,2676
Wales,2007,6,2442
Wales,2007,7,2572
Wales,2007,8,2471
Wales,2007,9,2220
Wales,2007,10,2770
Wales,2007,11,2713
Wales,2007,12,2780
West Midlands,2007,1,5170
West Midlands,2007,2,4735
West Midlands,2007,3,4630
West Midlands,2007,4,4307
West Midlands,2007,5,4319
West Midlands,2007,6,3981
West Midlands,2007,7,4025
West Midlands,2007,8,3965
West Midlands,2007,9,3539
West Midlands,2007,10,4316
West Midlands,2007,11,4365
West Midlands,2007,12,4579
East,2007,1,5227
East,2007,2,4475
East,2007,3,4520
East,2007,4,4215
East,2007,5,4321
East,2007,6,3789
East,2007,7,4051
East,2007,8,4028
East,2007,9,3652
East,2007,10,4375
East,2007,11,4346
East,2007,12,4564
London,2007,1,5079
London,2007,2,4314
London,2007,3,4401
London,2007,4,4128
London,2007,5,4213
London,2007,6,3830
London,2007,7,4003
London,2007,8,3915
London,2007,9,3551
London,2007,10,4149
London,2007,11,4388
London,2007,12,4294
South East,2007,1,7470
South East,2007,2,6488
South East,2007,3,6508
South East,2007,4,6090
South East,2007,5,6241
South East,2007,6,5669
South East,2007,7,5920
South East,2007,8,5929
South East,2007,9,5236
South East,2007,10,6520
South East,2007,11,6483
South East,2007,12,6665
South West,2007,1,5186
South West,2007,2,4723
South West,2007,3,4771
South West,2007,4,4286
South West,2007,5,4233
South West,2007,6,4010
South West,2007,7,4130
South West,2007,8,4150
South West,2007,9,3649
South West,2007,10,4554
South West,2007,11,4492
South West,2007,12,4486
North East,2008,1,2876
North East,2008,2,2293
North East,2008,3,2255
North East,2008,4,2363
North East,2008,5,2100
North East,2008,6,1984
North East,2008,7,2148
North East,2008,8,1852
North East,2008,9,2183
North East,2008,10,2270
North East,2008,11,2166
North East,2008,12,2896
North West,2008,1,7157
North West,2008,2,5939
North West,2008,3,5896
North West,2008,4,6418
North West,2008,5,5325
North West,2008,6,5258
North West,2008,7,5645
North West,2008,8,4865
North West,2008,9,5463
North West,2008,10,5661
North West,2008,11,5541
North West,2008,12,7572
Yorkshire and the Humber,2008,1,5119
Yorkshire and the Humber,2008,2,4160
Yorkshire and the Humber,2008,3,4207
Yorkshire and the Humber,2008,4,4512
Yorkshire and the Humber,2008,5,3984
Yorkshire and the Humber,2008,6,3874
Yorkshire and the Humber,2008,7,3971
Yorkshire and the Humber,2008,8,3441
Yorkshire and the Humber,2008,9,3830
Yorkshire and the Humber,2008,10,4141
Yorkshire and the Humber,2008,11,3908
Yorkshire and the Humber,2008,12,5392
East Midlands,2008,1,4197
East Midlands,2008,2,3471
East Midlands,2008,3,3454
East Midlands,2008,4,3888
East Midlands,2008,5,3224
East Midlands,2008,6,3194
East Midlands,2008,7,3326
East Midlands,2008,8,2926
East Midlands,2008,9,3178
East Midlands,2008,10,3527
East Midlands,2008,11,3324
East Midlands,2008,12,4587
Wales,2008,1,3151
Wales,2008,2,2634
Wales,2008,3,2785
Wales,2008,4,2874
Wales,2008,5,2497
Wales,2008,6,2343
Wales,2008,7,2593
Wales,2008,8,2196
Wales,2008,9,2466
Wales,2008,10,2664
Wales,2008,11,2481
Wales,2008,12,3382
West Midlands,2008,1,5518
West Midlands,2008,2,4364
West Midlands,2008,3,4246
West Midlands,2008,4,4785
West Midlands,2008,5,3928
West Midlands,2008,6,3869
West Midlands,2008,7,4189
West Midlands,2008,8,3608
West Midlands,2008,9,3947
West Midlands,2008,10,4418
West Midlands,2008,11,3885
West Midlands,2008,12,5561
East,2008,1,5330
East,2008,2,4450
East,2008,3,4421
East,2008,4,4832
East,2008,5,4141
East,2008,6,3842
East,2008,7,4077
East,2008,8,3570
East,2008,9,4064
East,2008,10,4501
East,2008,11,4038
East,2008,12,5423
London,2008,1,5168
London,2008,2,4320
London,2008,3,4282
London,2008,4,4587
London,2008,5,3907
London,2008,6,3752
London,2008,7,3919
London,2008,8,3441
London,2008,9,3736
London,2008,10,4088
London,2008,11,4018
London,2008,12,5258
South East,2008,1,7832
South East,2008,2,6294
South East,2008,3,6173
South East,2008,4,6871
South East,2008,5,5897
South East,2008,6,5685
South East,2008,7,5864
South East,2008,8,5268
South East,2008,9,5903
South East,2008,10,6385
South East,2008,11,5847
South East,2008,12,7898
South West,2008,1,5603
South West,2008,2,4332
South West,2008,3,4209
South West,2008,4,4799
South West,2008,5,4131
South West,2008,6,3940
South West,2008,7,4229
South West,2008,8,3711
South West,2008,9,4325
South West,2008,10,4406
South West,2008,11,4198
South West,2008,12,5519
North East,2009,1,2772
North East,2009,2,2198
North East,2009,3,2241
North East,2009,4,2179
North East,2009,5,2031
North East,2009,6,2026
North East,2009,7,2037
North East,2009,8,1809
North East,2009,9,2064
North East,2009,10,2154
North East,2009,11,2075
North East,2009,12,2425
North West,2009,1,7327
North West,2009,2,5677
North West,2009,3,5885
North West,2009,4,5595
North West,2009,5,5094
North West,2009,6,5289
North West,2009,7,5291
North West,2009,8,4767
North West,2009,9,5348
North West,2009,10,5569
North West,2009,11,5545
North West,2009,12,6550
Yorkshire and the Humber,2009,1,5233
Yorkshire and the Humber,2009,2,4128
Yorkshire and the Humber,2009,3,4189
Yorkshire and the Humber,2009,4,3926
Yorkshire and the Humber,2009,5,3649
Yorkshire and the Humber,2009,6,3839
Yorkshire and the Humber,2009,7,3729
Yorkshire and the Humber,2009,8,3308
Yorkshire and the Humber,2009,9,3902
Yorkshire and the Humber,2009,10,4049
Yorkshire and the Humber,2009,11,3997
Yorkshire and the Humber,2009,12,4676
East Midlands,2009,1,4476
East Midlands,2009,2,3354
East Midlands,2009,3,3520
East Midlands,2009,4,3443
East Midlands,2009,5,3107
East Midlands,2009,6,3290
East Midlands,2009,7,3083
East Midlands,2009,8,2847
East Midlands,2009,9,3194
East Midlands,2009,10,3425
East Midlands,2009,11,3340
East Midlands,2009,12,3801
West Midlands,2009,1,5555
West Midlands,2009,2,4282
West Midlands,2009,3,4364
West Midlands,2009,4,4116
West Midlands,2009,5,3687
West Midlands,2009,6,3949
West Midlands,2009,7,3827
West Midlands,2009,8,3467
West Midlands,2009,9,3997
West Midlands,2009,10,4000
West Midlands,2009,11,4057
West Midlands,2009,12,4793
East,2009,1,5738
East,2009,2,4298
East,2009,3,4487
East,2009,4,4214
East,2009,5,3775
East,2009,6,4012
East,2009,7,3959
East,2009,8,3453
East,2009,9,4077
East,2009,10,4095
East,2009,11,4224
East,2009,12,4734
London,2009,1,5430
London,2009,2,4116
London,2009,3,4134
London,2009,4,4022
London,2009,5,3593
London,2009,6,3838
London,2009,7,3757
London,2009,8,3322
London,2009,9,3834
London,2009,10,4053
London,2009,11,3970
London,2009,12,4482
South East,2009,1,8835
South East,2009,2,6256
South East,2009,3,6328
South East,2009,4,5948
South East,2009,5,5417
South East,2009,6,5920
South East,2009,7,5662
South East,2009,8,4997
South East,2009,9,5922
South East,2009,10,5961
South East,2009,11,6107
South East,2009,12,6623
South West,2009,1,6019
South West,2009,2,4417
South West,2009,3,4455
South West,2009,4,4274
South West,2009,5,3840
South West,2009,6,4136
South West,2009,7,4081
South West,2009,8,3509
South West,2009,9,4232
South West,2009,10,4259
South West,2009,11,4172
South West,2009,12,4707
Wales,2009,1,3553
Wales,2009,2,2622
Wales,2009,3,2699
Wales,2009,4,2492
Wales,2009,5,2307
Wales,2009,6,2456
Wales,2009,7,2451
Wales,2009,8,2037
Wales,2009,9,2443
Wales,2009,10,2525
Wales,2009,11,2543
Wales,2009,12,2878
North East,2010,1,2365
North East,2010,2,2103
North East,2010,3,2381
North East,2010,4,2117
North East,2010,5,1940
North East,2010,6,2203
North East,2010,7,1997
North East,2010,8,1940
North East,2010,9,2004
North East,2010,10,2099
North East,2010,11,2189
North East,2010,12,2487
North West,2010,1,6539
North West,2010,2,5520
North West,2010,3,6259
North West,2010,4,5598
North West,2010,5,4969
North West,2010,6,5472
North West,2010,7,5032
North West,2010,8,4914
North West,2010,9,5517
North West,2010,10,5287
North West,2010,11,5943
North West,2010,12,6688
Yorkshire and the Humber,2010,1,4653
Yorkshire and the Humber,2010,2,3936
Yorkshire and the Humber,2010,3,4422
Yorkshire and the Humber,2010,4,3974
Yorkshire and the Humber,2010,5,3700
Yorkshire and the Humber,2010,6,4014
Yorkshire and the Humber,2010,7,3617
Yorkshire and the Humber,2010,8,3679
Yorkshire and the Humber,2010,9,3876
Yorkshire and the Humber,2010,10,3845
Yorkshire and the Humber,2010,11,4161
Yorkshire and the Humber,2010,12,4849
East Midlands,2010,1,4103
East Midlands,2010,2,3413
East Midlands,2010,3,3698
East Midlands,2010,4,3352
East Midlands,2010,5,3025
East Midlands,2010,6,3322
East Midlands,2010,7,3008
East Midlands,2010,8,2883
East Midlands,2010,9,3390
East Midlands,2010,10,3135
East Midlands,2010,11,3616
East Midlands,2010,12,4025
West Midlands,2010,1,4950
West Midlands,2010,2,4169
West Midlands,2010,3,4628
West Midlands,2010,4,4184
West Midlands,2010,5,3654
West Midlands,2010,6,4109
West Midlands,2010,7,3773
West Midlands,2010,8,3779
West Midlands,2010,9,3975
West Midlands,2010,10,3923
West Midlands,2010,11,4212
West Midlands,2010,12,5023
East,2010,1,4999
East,2010,2,4437
East,2010,3,4781
East,2010,4,4374
East,2010,5,3843
East,2010,6,4220
East,2010,7,3832
East,2010,8,3688
East,2010,9,4030
East,2010,10,4138
East,2010,11,4421
East,2010,12,5013
London,2010,1,4772
London,2010,2,4111
London,2010,3,4328
London,2010,4,3951
London,2010,5,3629
London,2010,6,3932
London,2010,7,3716
London,2010,8,3529
London,2010,9,3804
London,2010,10,3848
London,2010,11,4024
London,2010,12,4653
South East,2010,1,7619
South East,2010,2,6293
South East,2010,3,6900
South East,2010,4,6106
South East,2010,5,5531
South East,2010,6,6098
South East,2010,7,5472
South East,2010,8,5501
South East,2010,9,5977
South East,2010,10,5917
South East,2010,11,6460
South East,2010,12,7283
South West,2010,1,5195
South West,2010,2,4384
South West,2010,3,4838
South West,2010,4,4319
South West,2010,5,3872
South West,2010,6,4160
South West,2010,7,3933
South West,2010,8,3862
South West,2010,9,4269
South West,2010,10,3967
South West,2010,11,4383
South West,2010,12,4967
Wales,2010,1,3074
Wales,2010,2,2618
Wales,2010,3,2836
Wales,2010,4,2532
Wales,2010,5,2276
Wales,2010,6,2550
Wales,2010,7,2419
Wales,2010,8,2204
Wales,2010,9,2475
Wales,2010,10,2381
Wales,2010,11,2629
Wales,2010,12,3203
North East,2011,1,2523
North East,2011,2,2209
North East,2011,3,2320
North East,2011,4,1911
North East,2011,5,2193
North East,2011,6,2080
North East,2011,7,1912
North East,2011,8,2061
North East,2011,9,2015
North East,2011,10,1978
North East,2011,11,2163
North East,2011,12,2346
North West,2011,1,6762
North West,2011,2,5434
North West,2011,3,5978
North West,2011,4,5122
North West,2011,5,5491
North West,2011,6,5478
North West,2011,7,4917
North West,2011,8,5341
North West,2011,9,5120
North West,2011,10,5062
North West,2011,11,5553
North West,2011,12,6114
Yorkshire and the Humber,2011,1,5020
Yorkshire and the Humber,2011,2,3884
Yorkshire and the Humber,2011,3,4395
Yorkshire and the Humber,2011,4,3760
Yorkshire and the Humber,2011,5,3988
Yorkshire and the Humber,2011,6,3943
Yorkshire and the Humber,2011,7,3573
Yorkshire and the Humber,2011,8,3800
Yorkshire and the Humber,2011,9,3913
Yorkshire and the Humber,2011,10,3782
Yorkshire and the Humber,2011,11,4063
Yorkshire and the Humber,2011,12,4406
East Midlands,2011,1,4392
East Midlands,2011,2,3291
East Midlands,2011,3,3664
East Midlands,2011,4,3156
East Midlands,2011,5,3209
East Midlands,2011,6,3300
East Midlands,2011,7,2901
East Midlands,2011,8,3125
East Midlands,2011,9,3170
East Midlands,2011,10,3078
East Midlands,2011,11,3442
East Midlands,2011,12,3651
West Midlands,2011,1,5064
West Midlands,2011,2,4023
West Midlands,2011,3,4520
West Midlands,2011,4,3671
West Midlands,2011,5,4054
West Midlands,2011,6,4046
West Midlands,2011,7,3742
West Midlands,2011,8,3851
West Midlands,2011,9,3869
West Midlands,2011,10,3738
West Midlands,2011,11,4161
West Midlands,2011,12,4371
East,2011,1,5041
East,2011,2,4086
East,2011,3,4681
East,2011,4,3892
East,2011,5,4185
East,2011,6,4248
East,2011,7,3718
East,2011,8,3963
East,2011,9,4049
East,2011,10,3872
East,2011,11,4248
East,2011,12,4578
London,2011,1,4783
London,2011,2,3733
London,2011,3,4197
London,2011,4,3593
London,2011,5,3734
London,2011,6,3839
London,2011,7,3448
London,2011,8,3891
London,2011,9,3755
London,2011,10,3593
London,2011,11,3890
London,2011,12,4229
South East,2011,1,7879
South East,2011,2,5966
South East,2011,3,6869
South East,2011,4,5545
South East,2011,5,6310
South East,2011,6,6141
South East,2011,7,5271
South East,2011,8,5804
South East,2011,9,5926
South East,2011,10,5748
South East,2011,11,6161
South East,2011,12,6515
South West,2011,1,5371
South West,2011,2,4107
South West,2011,3,4718
South West,2011,4,3871
South West,2011,5,4273
South West,2011,6,4323
South West,2011,7,3793
South West,2011,8,4088
South West,2011,9,4076
South West,2011,10,3889
South West,2011,11,4339
South West,2011,12,4534
Wales,2011,1,3058
Wales,2011,2,2545
Wales,2011,3,2787
Wales,2011,4,2347
Wales,2011,5,2566
Wales,2011,6,2506
Wales,2011,7,2266
Wales,2011,8,2359
Wales,2011,9,2360
Wales,2011,10,2379
Wales,2011,11,2523
Wales,2011,12,2730
Wales,2012,1,2922
Wales,2012,2,2611
Wales,2012,3,2768
Wales,2012,4,2668
Wales,2012,5,2830
Wales,2012,6,2291
Wales,2012,7,2544
Wales,2012,8,2489
Wales,2012,9,2199
Wales,2012,10,2689
Wales,2012,11,2703
Wales,2012,12,2788
North East,2012,1,2472
North East,2012,2,2187
North East,2012,3,2188
North East,2012,4,2241
North East,2012,5,2287
North East,2012,6,1978
North East,2012,7,2113
North East,2012,8,2024
North East,2012,9,1922
North East,2012,10,2247
North East,2012,11,2249
North East,2012,12,2420
North West,2012,1,6329
North West,2012,2,5926
North West,2012,3,5910
North West,2012,4,5717
North West,2012,5,6164
North West,2012,6,5035
North West,2012,7,5406
North West,2012,8,5269
North West,2012,9,4905
North West,2012,10,6112
North West,2012,11,5666
North West,2012,12,5823
Yorkshire and the Humber,2012,1,4826
Yorkshire and the Humber,2012,2,4448
Yorkshire and the Humber,2012,3,4280
Yorkshire and the Humber,2012,4,4087
Yorkshire and the Humber,2012,5,4259
Yorkshire and the Humber,2012,6,3678
Yorkshire and the Humber,2012,7,3985
Yorkshire and the Humber,2012,8,3891
Yorkshire and the Humber,2012,9,3567
Yorkshire and the Humber,2012,10,4260
Yorkshire and the Humber,2012,11,4110
Yorkshire and the Humber,2012,12,4180
East Midlands,2012,1,3854
East Midlands,2012,2,3724
East Midlands,2012,3,3698
East Midlands,2012,4,3526
East Midlands,2012,5,3660
East Midlands,2012,6,3131
East Midlands,2012,7,3256
East Midlands,2012,8,3265
East Midlands,2012,9,2943
East Midlands,2012,10,3519
East Midlands,2012,11,3444
East Midlands,2012,12,3558
West Midlands,2012,1,4720
West Midlands,2012,2,4445
West Midlands,2012,3,4417
West Midlands,2012,4,4204
West Midlands,2012,5,4566
West Midlands,2012,6,3784
West Midlands,2012,7,4012
West Midlands,2012,8,4079
West Midlands,2012,9,3631
West Midlands,2012,10,4345
West Midlands,2012,11,4339
West Midlands,2012,12,4358
East,2012,1,4862
East,2012,2,4779
East,2012,3,4815
East,2012,4,4469
East,2012,5,4644
East,2012,6,3810
East,2012,7,4084
East,2012,8,4186
East,2012,9,3604
East,2012,10,4466
East,2012,11,4449
East,2012,12,4415
London,2012,1,4603
London,2012,2,4626
London,2012,3,4300
London,2012,4,3908
London,2012,5,4109
London,2012,6,3454
London,2012,7,3743
London,2012,8,3630
London,2012,9,3276
London,2012,10,4128
London,2012,11,4089
London,2012,12,4032
South East,2012,1,7279
South East,2012,2,7021
South East,2012,3,6991
South East,2012,4,6399
South East,2012,5,6718
South East,2012,6,5468
South East,2012,7,5845
South East,2012,8,5881
South East,2012,9,5274
South East,2012,10,6705
South East,2012,11,6472
South East,2012,12,6526
South West,2012,1,4937
South West,2012,2,4705
South West,2012,3,4700
South West,2012,4,4377
South West,2012,5,4680
South West,2012,6,3965
South West,2012,7,4213
South West,2012,8,4210
South West,2012,9,3812
South West,2012,10,4612
South West,2012,11,4512
South West,2012,12,4357
Wales,2013,1,3321
Wales,2013,2,2710
Wales,2013,3,2918
Wales,2013,4,3278
Wales,2013,5,2704
Wales,2013,6,2276
Wales,2013,7,2449
Wales,2013,8,2263
Wales,2013,9,2327
Wales,2013,10,2629
Wales,2013,11,2531
Wales,2013,12,2732
North East,2013,1,2986
North East,2013,2,2264
North East,2013,3,2119
North East,2013,4,2433
North East,2013,5,2251
North East,2013,6,1914
North East,2013,7,2037
North East,2013,8,1847
North East,2013,9,1946
North East,2013,10,2327
North East,2013,11,2187
North East,2013,12,2154
North West,2013,1,7179
North West,2013,2,6091
North West,2013,3,6238
North West,2013,4,6778
North West,2013,5,5713
North West,2013,6,4779
North West,2013,7,5448
North West,2013,8,4866
North West,2013,9,4979
North West,2013,10,5720
North West,2013,11,5419
North West,2013,12,5835
Yorkshire and the Humber,2013,1,5314
Yorkshire and the Humber,2013,2,4391
Yorkshire and the Humber,2013,3,4452
Yorkshire and the Humber,2013,4,4883
Yorkshire and the Humber,2013,5,4207
Yorkshire and the Humber,2013,6,3463
Yorkshire and the Humber,2013,7,3983
Yorkshire and the Humber,2013,8,3606
Yorkshire and the Humber,2013,9,3697
Yorkshire and the Humber,2013,10,4081
Yorkshire and the Humber,2013,11,3893
Yorkshire and the Humber,2013,12,4372
East Midlands,2013,1,4363
East Midlands,2013,2,3633
East Midlands,2013,3,3811
East Midlands,2013,4,4121
East Midlands,2013,5,3482
East Midlands,2013,6,3005
East Midlands,2013,7,3343
East Midlands,2013,8,2902
East Midlands,2013,9,3043
East Midlands,2013,10,3621
East Midlands,2013,11,3365
East Midlands,2013,12,3588
West Midlands,2013,1,5455
West Midlands,2013,2,4538
West Midlands,2013,3,4734
West Midlands,2013,4,5263
West Midlands,2013,5,4326
West Midlands,2013,6,3621
West Midlands,2013,7,4150
West Midlands,2013,8,3655
West Midlands,2013,9,3746
West Midlands,2013,10,4301
West Midlands,2013,11,4057
West Midlands,2013,12,4414
East,2013,1,5584
East,2013,2,4581
East,2013,3,4656
East,2013,4,5180
East,2013,5,4474
East,2013,6,3972
East,2013,7,4109
East,2013,8,3684
East,2013,9,3886
East,2013,10,4544
East,2013,11,4172
East,2013,12,4427
London,2013,1,4957
London,2013,2,4239
London,2013,3,4171
London,2013,4,4619
London,2013,5,3954
London,2013,6,3421
London,2013,7,3784
London,2013,8,3275
London,2013,9,3431
London,2013,10,4011
London,2013,11,3758
London,2013,12,3960
South East,2013,1,8083
South East,2013,2,6611
South East,2013,3,6819
South East,2013,4,7652
South East,2013,5,6534
South East,2013,6,5539
South East,2013,7,6168
South East,2013,8,5620
South East,2013,9,5651
South East,2013,10,6419
South East,2013,11,6104
South East,2013,12,6578
South West,2013,1,5571
South West,2013,2,4654
South West,2013,3,4915
South West,2013,4,5423
South West,2013,5,4534
South West,2013,6,3789
South West,2013,7,4238
South West,2013,8,3867
South West,2013,9,3971
South West,2013,10,4561
South West,2013,11,4367
South West,2013,12,4646
Wales,2014,1,2987
Wales,2014,2,2548
Wales,2014,3,2556
Wales,2014,4,2690
Wales,2014,5,2458
Wales,2014,6,2376
Wales,2014,7,2628
Wales,2014,8,2221
Wales,2014,9,2535
Wales,2014,10,2851
Wales,2014,11,2406
Wales,2014,12,3183
North East,2014,1,2556
North East,2014,2,2196
North East,2014,3,2220
North East,2014,4,2205
North East,2014,5,2129
North East,2014,6,2017
North East,2014,7,2221
North East,2014,8,2023
North East,2014,9,2238
North East,2014,10,2360
North East,2014,11,2020
North East,2014,12,2703
North West,2014,1,6611
North West,2014,2,5724
North West,2014,3,5655
North West,2014,4,5711
North West,2014,5,5314
North West,2014,6,5228
North West,2014,7,5625
North West,2014,8,4917
North West,2014,9,5470
North West,2014,10,5781
North West,2014,11,5303
North West,2014,12,6979
Yorkshire and the Humber,2014,1,4820
Yorkshire and the Humber,2014,2,3980
Yorkshire and the Humber,2014,3,4014
Yorkshire and the Humber,2014,4,4034
Yorkshire and the Humber,2014,5,3873
Yorkshire and the Humber,2014,6,3703
Yorkshire and the Humber,2014,7,4004
Yorkshire and the Humber,2014,8,3575
Yorkshire and the Humber,2014,9,4098
Yorkshire and the Humber,2014,10,4235
Yorkshire and the Humber,2014,11,3865
Yorkshire and the Humber,2014,12,5067
East Midlands,2014,1,4093
East Midlands,2014,2,3498
East Midlands,2014,3,3485
East Midlands,2014,4,3466
East Midlands,2014,5,3300
East Midlands,2014,6,3297
East Midlands,2014,7,3498
East Midlands,2014,8,3003
East Midlands,2014,9,3301
East Midlands,2014,10,3599
East Midlands,2014,11,3323
East Midlands,2014,12,4076
West Midlands,2014,1,5242
West Midlands,2014,2,4271
West Midlands,2014,3,4289
West Midlands,2014,4,4268
West Midlands,2014,5,3929
West Midlands,2014,6,3967
West Midlands,2014,7,4185
West Midlands,2014,8,3694
West Midlands,2014,9,4297
West Midlands,2014,10,4441
West Midlands,2014,11,4089
West Midlands,2014,12,5032
East,2014,1,5193
East,2014,2,4441
East,2014,3,4282
East,2014,4,4393
East,2014,5,4110
East,2014,6,4173
East,2014,7,4471
East,2014,8,3768
East,2014,9,4407
East,2014,10,4555
East,2014,11,4293
East,2014,12,5150
London,2014,1,4548
London,2014,2,3839
London,2014,3,4024
London,2014,4,3889
London,2014,5,3846
London,2014,6,3607
London,2014,7,3838
London,2014,8,3408
London,2014,9,3908
London,2014,10,4063
London,2014,11,3736
London,2014,12,4877
South East,2014,1,7683
South East,2014,2,6266
South East,2014,3,6326
South East,2014,4,6359
South East,2014,5,6148
South East,2014,6,5981
South East,2014,7,6389
South East,2014,8,5432
South East,2014,9,6283
South East,2014,10,6540
South East,2014,11,6240
South East,2014,12,7324
South West,2014,1,5183
South West,2014,2,4351
South West,2014,3,4278
South West,2014,4,4404
South West,2014,5,4231
South West,2014,6,4085
South West,2014,7,4281
South West,2014,8,3820
South West,2014,9,4337
South West,2014,10,4627
South West,2014,11,4098
South West,2014,12,5273
North East,2015,1,3239
North East,2015,2,2596
North East,2015,3,2503
North East,2015,4,2451
North East,2015,5,2109
North East,2015,6,2191
North East,2015,7,2125
North East,2015,8,1847
North East,2015,9,2152
North East,2015,10,2190
North East,2015,11,2197
North East,2015,12,2475
North West,2015,1,8073
North West,2015,2,6120
North West,2015,3,6428
North West,2015,4,6058
North West,2015,5,5332
North West,2015,6,5614
North West,2015,7,5545
North West,2015,8,4965
North West,2015,9,5516
North West,2015,10,5637
North West,2015,11,5680
North West,2015,12,6331
Yorkshire and the Humber,2015,1,5938
Yorkshire and the Humber,2015,2,4462
Yorkshire and the Humber,2015,3,4577
Yorkshire and the Humber,2015,4,4335
Yorkshire and the Humber,2015,5,3968
Yorkshire and the Humber,2015,6,4170
Yorkshire and the Humber,2015,7,3878
Yorkshire and the Humber,2015,8,3659
Yorkshire and the Humber,2015,9,4053
Yorkshire and the Humber,2015,10,3986
Yorkshire and the Humber,2015,11,4107
Yorkshire and the Humber,2015,12,4557
East Midlands,2015,1,5239
East Midlands,2015,2,4011
East Midlands,2015,3,4005
East Midlands,2015,4,3913
East Midlands,2015,5,3342
East Midlands,2015,6,3493
East Midlands,2015,7,3482
East Midlands,2015,8,3007
East Midlands,2015,9,3523
East Midlands,2015,10,3594
East Midlands,2015,11,3486
East Midlands,2015,12,3921
West Midlands,2015,1,6373
West Midlands,2015,2,4674
West Midlands,2015,3,4927
West Midlands,2015,4,4743
West Midlands,2015,5,4081
West Midlands,2015,6,4317
West Midlands,2015,7,4211
West Midlands,2015,8,3668
West Midlands,2015,9,4250
West Midlands,2015,10,4329
West Midlands,2015,11,4372
West Midlands,2015,12,4618
East,2015,1,6681
East,2015,2,5209
East,2015,3,5144
East,2015,4,4784
East,2015,5,4055
East,2015,6,4578
East,2015,7,4337
East,2015,8,3856
East,2015,9,4295
East,2015,10,4583
East,2015,11,4350
East,2015,12,4535
London,2015,1,5458
London,2015,2,4371
London,2015,3,4781
London,2015,4,4278
London,2015,5,3662
London,2015,6,4021
London,2015,7,3838
London,2015,8,3499
London,2015,9,4066
London,2015,10,4127
London,2015,11,4046
London,2015,12,4396
South East,2015,1,9606
South East,2015,2,7160
South East,2015,3,7140
South East,2015,4,7030
South East,2015,5,5978
South East,2015,6,6464
South East,2015,7,6117
South East,2015,8,5483
South East,2015,9,6494
South East,2015,10,6359
South East,2015,11,6319
South East,2015,12,6899
South West,2015,1,6427
South West,2015,2,5124
South West,2015,3,5304
South West,2015,4,4694
South West,2015,5,4186
South West,2015,6,4441
South West,2015,7,4383
South West,2015,8,3839
South West,2015,9,4527
South West,2015,10,4653
South West,2015,11,4326
South West,2015,12,4763
Wales,2015,1,3745
Wales,2015,2,2907
Wales,2015,3,3011
Wales,2015,4,2791
Wales,2015,5,2537
Wales,2015,6,2703
Wales,2015,7,2484
Wales,2015,8,2273
Wales,2015,9,2615
Wales,2015,10,2667
Wales,2015,11,2548
Wales,2015,12,2917
North East,2016,1,2555
North East,2016,2,2492
North East,2016,3,2515
North East,2016,4,2460
North East,2016,5,2165
North East,2016,6,2255
North East,2016,7,2109
North East,2016,8,2119
North East,2016,9,2121
North East,2016,10,2123
North East,2016,11,2415
North East,2016,12,2507
North West,2016,1,6415
North West,2016,2,6134
North West,2016,3,6599
North West,2016,4,6254
North West,2016,5,5547
North West,2016,6,5628
North West,2016,7,5237
North West,2016,8,5675
North West,2016,9,5526
North West,2016,10,5644
North West,2016,11,6364
North West,2016,12,6292
Yorkshire and the Humber,2016,1,4695
Yorkshire and the Humber,2016,2,4595
Yorkshire and the Humber,2016,3,4764
Yorkshire and the Humber,2016,4,4493
Yorkshire and the Humber,2016,5,4060
Yorkshire and the Humber,2016,6,4255
Yorkshire and the Humber,2016,7,3828
Yorkshire and the Humber,2016,8,3945
Yorkshire and the Humber,2016,9,3965
Yorkshire and the Humber,2016,10,3884
Yorkshire and the Humber,2016,11,4508
Yorkshire and the Humber,2016,12,4521
East Midlands,2016,1,3855
East Midlands,2016,2,3836
East Midlands,2016,3,4042
East Midlands,2016,4,3822
East Midlands,2016,5,3470
East Midlands,2016,6,3642
East Midlands,2016,7,3321
East Midlands,2016,8,3382
East Midlands,2016,9,3385
East Midlands,2016,10,3411
East Midlands,2016,11,3919
East Midlands,2016,12,3942
West Midlands,2016,1,5025
West Midlands,2016,2,4874
West Midlands,2016,3,4762
West Midlands,2016,4,4838
West Midlands,2016,5,4188
West Midlands,2016,6,4362
West Midlands,2016,7,3933
West Midlands,2016,8,4314
West Midlands,2016,9,4095
West Midlands,2016,10,4038
West Midlands,2016,11,4746
West Midlands,2016,12,4639
East,2016,1,5133
East,2016,2,4806
East,2016,3,5098
East,2016,4,4980
East,2016,5,4607
East,2016,6,4509
East,2016,7,4179
East,2016,8,4461
East,2016,9,4298
East,2016,10,4256
East,2016,11,5060
East,2016,12,4747
London,2016,1,4421
London,2016,2,4336
London,2016,3,4652
London,2016,4,4331
London,2016,5,3797
London,2016,6,3881
London,2016,7,3544
London,2016,8,3681
London,2016,9,3819
London,2016,10,3761
London,2016,11,4210
London,2016,12,4174
South East,2016,1,7172
South East,2016,2,6950
South East,2016,3,7464
South East,2016,4,7341
South East,2016,5,6349
South East,2016,6,6431
South East,2016,7,6010
South East,2016,8,6041
South East,2016,9,6167
South East,2016,10,6305
South East,2016,11,7262
South East,2016,12,6937
South West,2016,1,5116
South West,2016,2,5010
South West,2016,3,5412
South West,2016,4,5236
South West,2016,5,4533
South West,2016,6,4415
South West,2016,7,4323
South West,2016,8,4388
South West,2016,9,4366
South West,2016,10,4413
South West,2016,11,5039
South West,2016,12,4865
Wales,2016,1,2964
Wales,2016,2,2889
Wales,2016,3,3254
Wales,2016,4,3000
Wales,2016,5,2575
Wales,2016,6,2543
Wales,2016,7,2398
Wales,2016,8,2670
Wales,2016,9,2508
Wales,2016,10,2525
Wales,2016,11,2895
Wales,2016,12,2845
North East,2017,1,2905
North East,2017,2,2504
North East,2017,3,2548
North East,2017,4,2044
North East,2017,5,2301
North East,2017,6,2178
North East,2017,7,2081
North East,2017,8,2145
North East,2017,9,2180
North East,2017,10,2286
North East,2017,11,2335
North East,2017,12,2527
North West,2017,1,7622
North West,2017,2,6229
North West,2017,3,6432
North West,2017,4,5462
North West,2017,5,5949
North West,2017,6,5646
North West,2017,7,5090
North West,2017,8,5566
North West,2017,9,5361
North West,2017,10,5942
North West,2017,11,6113
North West,2017,12,6245
Yorkshire and the Humber,2017,1,5715
Yorkshire and the Humber,2017,2,4743
Yorkshire and the Humber,2017,3,4999
Yorkshire and the Humber,2017,4,3798
Yorkshire and the Humber,2017,5,4317
Yorkshire and the Humber,2017,6,4074
Yorkshire and the Humber,2017,7,3774
Yorkshire and the Humber,2017,8,3934
Yorkshire and the Humber,2017,9,3866
Yorkshire and the Humber,2017,10,4272
Yorkshire and the Humber,2017,11,4614
Yorkshire and the Humber,2017,12,4301
East Midlands,2017,1,4907
East Midlands,2017,2,3973
East Midlands,2017,3,4381
East Midlands,2017,4,3251
East Midlands,2017,5,3770
East Midlands,2017,6,3659
East Midlands,2017,7,3369
East Midlands,2017,8,3443
East Midlands,2017,9,3324
East Midlands,2017,10,3540
East Midlands,2017,11,3876
East Midlands,2017,12,3869
West Midlands,2017,1,5975
West Midlands,2017,2,4938
West Midlands,2017,3,5066
West Midlands,2017,4,4027
West Midlands,2017,5,4557
West Midlands,2017,6,4481
West Midlands,2017,7,4033
West Midlands,2017,8,4159
West Midlands,2017,9,4179
West Midlands,2017,10,4483
West Midlands,2017,11,4741
West Midlands,2017,12,4587
East,2017,1,6203
East,2017,2,5365
East,2017,3,5396
East,2017,4,4138
East,2017,5,4750
East,2017,6,4449
East,2017,7,4126
East,2017,8,4422
East,2017,9,4445
East,2017,10,4701
East,2017,11,4979
East,2017,12,4788
London,2017,1,5470
London,2017,2,4489
London,2017,3,4232
London,2017,4,3672
London,2017,5,4049
London,2017,6,3880
London,2017,7,3482
London,2017,8,3919
London,2017,9,3673
London,2017,10,4113
London,2017,11,4224
London,2017,12,4209
South East,2017,1,9045
South East,2017,2,7409
South East,2017,3,7406
South East,2017,4,5938
South East,2017,5,6825
South East,2017,6,6430
South East,2017,7,5836
South East,2017,8,6298
South East,2017,9,6128
South East,2017,10,6737
South East,2017,11,6866
South East,2017,12,6997
South West,2017,1,5833
South West,2017,2,5165
South West,2017,3,5134
South West,2017,4,4092
South West,2017,5,4865
South West,2017,6,4650
South West,2017,7,4149
South West,2017,8,4455
South West,2017,9,4379
South West,2017,10,4671
South West,2017,11,4942
South West,2017,12,4772
Wales,2017,1,3591
Wales,2017,2,2880
Wales,2017,3,2983
Wales,2017,4,2602
Wales,2017,5,2800
Wales,2017,6,2627
Wales,2017,7,2374
Wales,2017,8,2622
Wales,2017,9,2467
Wales,2017,10,2759
Wales,2017,11,2786
Wales,2017,12,2757
North East,2018,1,3502
North East,2018,2,2578
North East,2018,3,2586
North East,2018,4,2355
North East,2018,5,2276
North East,2018,6,2086
North East,2018,7,2125
North East,2018,8,2057
North East,2018,9,1961
North East,2018,10,2365
North East,2018,11,2221
North East,2018,12,2319
North West,2018,1,8624
North West,2018,2,6555
North West,2018,3,6817
North West,2018,4,6195
North West,2018,5,5745
North West,2018,6,5190
North West,2018,7,5494
North West,2018,8,5301
North West,2018,9,4873
North West,2018,10,5892
North West,2018,11,6013
North West,2018,12,5579
Yorkshire and the Humber,2018,1,6338
Yorkshire and the Humber,2018,2,4827
Yorkshire and the Humber,2018,3,4909
Yorkshire and the Humber,2018,4,4510
Yorkshire and the Humber,2018,5,4009
Yorkshire and the Humber,2018,6,3946
Yorkshire and the Humber,2018,7,4007
Yorkshire and the Humber,2018,8,3939
Yorkshire and the Humber,2018,9,3645
Yorkshire and the Humber,2018,10,4419
Yorkshire and the Humber,2018,11,4345
Yorkshire and the Humber,2018,12,4184
East Midlands,2018,1,5400
East Midlands,2018,2,4191
East Midlands,2018,3,4412
East Midlands,2018,4,4016
East Midlands,2018,5,3764
East Midlands,2018,6,3446
East Midlands,2018,7,3388
East Midlands,2018,8,3425
East Midlands,2018,9,3170
East Midlands,2018,10,3811
East Midlands,2018,11,3691
East Midlands,2018,12,3521
West Midlands,2018,1,6611
West Midlands,2018,2,5299
West Midlands,2018,3,5498
West Midlands,2018,4,4633
West Midlands,2018,5,4471
West Midlands,2018,6,4170
West Midlands,2018,7,4218
West Midlands,2018,8,4178
West Midlands,2018,9,3878
West Midlands,2018,10,4612
West Midlands,2018,11,4539
West Midlands,2018,12,4196
East,2018,1,7110
East,2018,2,5256
East,2018,3,5470
East,2018,4,5281
East,2018,5,4664
East,2018,6,4351
East,2018,7,4352
East,2018,8,4445
East,2018,9,3942
East,2018,10,4772
East,2018,11,4738
East,2018,12,4307
London,2018,1,5704
London,2018,2,4558
London,2018,3,4686
London,2018,4,4329
London,2018,5,4018
London,2018,6,3664
London,2018,7,4007
London,2018,8,3857
London,2018,9,3477
London,2018,10,4163
London,2018,11,4042
London,2018,12,3891
South East,2018,1,10007
South East,2018,2,7325
South East,2018,3,7796
South East,2018,4,7144
South East,2018,5,6505
South East,2018,6,6019
South East,2018,7,6158
South East,2018,8,6191
South East,2018,9,5787
South East,2018,10,6704
South East,2018,11,6691
South East,2018,12,6296
South West,2018,1,6779
South West,2018,2,5329
South West,2018,3,5552
South West,2018,4,5015
South West,2018,5,4499
South West,2018,6,4341
South West,2018,7,4310
South West,2018,8,4217
South West,2018,9,3949
South West,2018,10,4728
South West,2018,11,4691
South West,2018,12,4417
Wales,2018,1,3945
Wales,2018,2,3169
Wales,2018,3,3405
Wales,2018,4,2905
Wales,2018,5,2734
Wales,2018,6,2466
Wales,2018,7,2562
Wales,2018,8,2461
Wales,2018,9,2331
Wales,2018,10,2845
Wales,2018,11,2863
Wales,2018,12,2720
North East,2019,1,2848
North East,2019,2,2365
North East,2019,3,2302
North East,2019,4,2260
North East,2019,5,2319
North East,2019,6,2018
North East,2019,7,2216
North East,2019,8,2225
North East,2019,9,2086
North East,2019,10,2454
North East,2019,11,2413
North East,2019,12,2531
North West,2019,1,7127
North West,2019,2,6160
North West,2019,3,5830
North West,2019,4,5838
North West,2019,5,6048
North West,2019,6,5265
North West,2019,7,5880
North West,2019,8,5157
North West,2019,9,5388
North West,2019,10,6381
North West,2019,11,6009
North West,2019,12,6933
Yorkshire and the Humber,2019,1,5441
Yorkshire and the Humber,2019,2,4564
Yorkshire and the Humber,2019,3,4392
Yorkshire and the Humber,2019,4,4350
Yorkshire and the Humber,2019,5,4378
Yorkshire and the Humber,2019,6,3836
Yorkshire and the Humber,2019,7,4134
Yorkshire and the Humber,2019,8,3852
Yorkshire and the Humber,2019,9,3909
Yorkshire and the Humber,2019,10,4598
Yorkshire and the Humber,2019,11,4511
Yorkshire and the Humber,2019,12,4581
East Midlands,2019,1,4589
East Midlands,2019,2,3892
East Midlands,2019,3,3800
East Midlands,2019,4,3761
East Midlands,2019,5,3813
East Midlands,2019,6,3254
East Midlands,2019,7,3575
East Midlands,2019,8,3252
East Midlands,2019,9,3471
East Midlands,2019,10,3961
East Midlands,2019,11,3840
East Midlands,2019,12,4221
West Midlands,2019,1,5502
West Midlands,2019,2,4779
West Midlands,2019,3,4467
West Midlands,2019,4,4529
West Midlands,2019,5,4568
West Midlands,2019,6,3989
West Midlands,2019,7,4319
West Midlands,2019,8,4012
West Midlands,2019,9,4125
West Midlands,2019,10,4725
West Midlands,2019,11,4720
West Midlands,2019,12,4866
East,2019,1,5867
East,2019,2,5078
East,2019,3,4735
East,2019,4,5010
East,2019,5,4637
East,2019,6,4032
East,2019,7,4635
East,2019,8,4111
East,2019,9,4459
East,2019,10,4988
East,2019,11,4754
East,2019,12,4893
London,2019,1,4900
London,2019,2,4183
London,2019,3,4049
London,2019,4,4102
London,2019,5,4007
London,2019,6,3618
London,2019,7,3953
London,2019,8,3720
London,2019,9,3793
London,2019,10,4135
London,2019,11,4251
London,2019,12,4296
South East,2019,1,8351
South East,2019,2,7010
South East,2019,3,6828
South East,2019,4,6764
South East,2019,5,6965
South East,2019,6,5963
South East,2019,7,6386
South East,2019,8,5862
South East,2019,9,6000
South East,2019,10,7118
South East,2019,11,6968
South East,2019,12,7019
South West,2019,1,5760
South West,2019,2,4816
South West,2019,3,4714
South West,2019,4,4553
South West,2019,5,4769
South West,2019,6,4205
South West,2019,7,4516
South West,2019,8,4080
South West,2019,9,4231
South West,2019,10,4897
South West,2019,11,4814
South West,2019,12,4946
Wales,2019,1,3389
Wales,2019,2,2848
Wales,2019,3,2700
Wales,2019,4,2838
Wales,2019,5,2788
Wales,2019,6,2331
Wales,2019,7,2578
Wales,2019,8,2450
Wales,2019,9,2453
Wales,2019,10,2874
Wales,2019,11,2844
Wales,2019,12,3090
North East,2020,1,2892
North East,2020,2,2250
North East,2020,3,2497
North East,2020,4,4352
North East,2020,5,3052
North East,2020,6,2248
North West,2020,1,7513
North West,2020,2,5916
North West,2020,3,6741
North West,2020,4,12354
North West,2020,5,7152
North West,2020,6,5894
Yorkshire and the Humber,2020,1,5614
Yorkshire and the Humber,2020,2,4308
Yorkshire and the Humber,2020,3,4676
Yorkshire and the Humber,2020,4,7987
Yorkshire and the Humber,2020,5,5535
Yorkshire and the Humber,2020,6,4291
East Midlands,2020,1,4862
East Midlands,2020,2,3758
East Midlands,2020,3,4146
East Midlands,2020,4,6769
East Midlands,2020,5,4529
East Midlands,2020,6,3868
West Midlands,2020,1,6033
West Midlands,2020,2,4504
West Midlands,2020,3,5151
West Midlands,2020,4,9932
West Midlands,2020,5,5459
West Midlands,2020,6,4563
East,2020,1,6308
East,2020,2,4721
East,2020,3,5181
East,2020,4,9516
East,2020,5,5709
East,2020,6,4301
London,2020,1,4990
London,2020,2,4080
London,2020,3,5145
London,2020,4,12175
London,2020,5,4798
London,2020,6,3787
South East,2020,1,8777
South East,2020,2,6683
South East,2020,3,7844
South East,2020,4,12823
South East,2020,5,8049
South East,2020,6,6432
South West,2020,1,6056
South West,2020,2,4586
South West,2020,3,5127
South West,2020,4,7596
South West,2020,5,5130
South West,2020,6,4501
Wales,2020,1,3552
Wales,2020,2,2749
Wales,2020,3,3133
Wales,2020,4,4545
Wales,2020,5,2902
Wales,2020,6,2692
Scotland,2006,1,5402
Scotland,2006,2,4381
Scotland,2006,3,5093
Scotland,2006,4,4590
Scotland,2006,5,4985
Scotland,2006,6,4365
Scotland,2006,7,4187
Scotland,2006,8,4315
Scotland,2006,9,4169
Scotland,2006,10,4596
Scotland,2006,11,4446
Scotland,2006,12,4564
Scotland,2007,1,6447
Scotland,2007,2,4619
Scotland,2007,3,4754
Scotland,2007,4,4588
Scotland,2007,5,4584
Scotland,2007,6,4228
Scotland,2007,7,4339
Scotland,2007,8,4343
Scotland,2007,9,3932
Scotland,2007,10,4732
Scotland,2007,11,4593
Scotland,2007,12,4827
Scotland,2008,1,5538
Scotland,2008,2,4682
Scotland,2008,3,4853
Scotland,2008,4,4922
Scotland,2008,5,4333
Scotland,2008,6,4238
Scotland,2008,7,4357
Scotland,2008,8,3969
Scotland,2008,9,4300
Scotland,2008,10,4598
Scotland,2008,11,4208
Scotland,2008,12,5702
Scotland,2009,1,5610
Scotland,2009,2,4499
Scotland,2009,3,4721
Scotland,2009,4,4480
Scotland,2009,5,4037
Scotland,2009,6,4253
Scotland,2009,7,4199
Scotland,2009,8,4009
Scotland,2009,9,4219
Scotland,2009,10,4352
Scotland,2009,11,4479
Scotland,2009,12,4998
Scotland,2010,1,5239
Scotland,2010,2,4481
Scotland,2010,3,4970
Scotland,2010,4,4431
Scotland,2010,5,3992
Scotland,2010,6,4389
Scotland,2010,7,3977
Scotland,2010,8,4284
Scotland,2010,9,4245
Scotland,2010,10,4208
Scotland,2010,11,4660
Scotland,2010,12,5091
Scotland,2011,1,5460
Scotland,2011,2,4280
Scotland,2011,3,4795
Scotland,2011,4,4032
Scotland,2011,5,4617
Scotland,2011,6,4322
Scotland,2011,7,3987
Scotland,2011,8,4395
Scotland,2011,9,4236
Scotland,2011,10,4415
Scotland,2011,11,4223
Scotland,2011,12,4899
Scotland,2012,1,5228
Scotland,2012,2,4518
Scotland,2012,3,4474
Scotland,2012,4,4592
Scotland,2012,5,4932
Scotland,2012,6,4176
Scotland,2012,7,4427
Scotland,2012,8,4334
Scotland,2012,9,4000
Scotland,2012,10,4907
Scotland,2012,11,4532
Scotland,2012,12,4817
Scotland,2013,1,5844
Scotland,2013,2,4652
Scotland,2013,3,4595
Scotland,2013,4,5255
Scotland,2013,5,4574
Scotland,2013,6,3906
Scotland,2013,7,4310
Scotland,2013,8,3940
Scotland,2013,9,3974
Scotland,2013,10,4639
Scotland,2013,11,4295
Scotland,2013,12,4716
Scotland,2014,1,5156
Scotland,2014,2,4319
Scotland,2014,3,4484
Scotland,2014,4,4449
Scotland,2014,5,4287
Scotland,2014,6,4110
Scotland,2014,7,4451
Scotland,2014,8,4140
Scotland,2014,9,4347
Scotland,2014,10,4749
Scotland,2014,11,4257
Scotland,2014,12,5490
Scotland,2015,1,5919
Scotland,2015,2,5331
Scotland,2015,3,5273
Scotland,2015,4,4791
Scotland,2015,5,4409
Scotland,2015,6,4703
Scotland,2015,7,4507
Scotland,2015,8,4208
Scotland,2015,9,4372
Scotland,2015,10,4475
Scotland,2015,11,4570
Scotland,2015,12,5021
Scotland,2016,1,5111
Scotland,2016,2,5157
Scotland,2016,3,5220
Scotland,2016,4,4588
Scotland,2016,5,4476
Scotland,2016,6,4402
Scotland,2016,7,4220
Scotland,2016,8,4683
Scotland,2016,9,4299
Scotland,2016,10,4469
Scotland,2016,11,4884
Scotland,2016,12,5219
Scotland,2017,1,5643
Scotland,2017,2,4904
Scotland,2017,3,5164
Scotland,2017,4,4297
Scotland,2017,5,5002
Scotland,2017,6,4490
Scotland,2017,7,4307
Scotland,2017,8,4637
Scotland,2017,9,4241
Scotland,2017,10,4801
Scotland,2017,11,5015
Scotland,2017,12,5382
Scotland,2018,1,7552
Scotland,2018,2,5049
Scotland,2018,3,5170
Scotland,2018,4,4793
Scotland,2018,5,4667
Scotland,2018,6,4161
Scotland,2018,7,4365
Scotland,2018,8,4307
Scotland,2018,9,3954
Scotland,2018,10,4888
Scotland,2018,11,4715
Scotland,2018,12,4882
Scotland,2019,1,5834
Scotland,2019,2,4835
Scotland,2019,3,4637
Scotland,2019,4,4666
Scotland,2019,5,4807
Scotland,2019,6,4179
Scotland,2019,7,4746
Scotland,2019,8,4407
Scotland,2019,9,4432
Scotland,2019,10,5217
Scotland,2019,11,4917
Scotland,2019,12,5431
Scotland,2020,1,5725
Scotland,2020,2,4715
Scotland,2020,3,5521
Scotland,2020,4,7958
Scotland,2020,5,5566
Scotland,2020,6,4677
Northern Ireland,2006,1,1367
Northern Ireland,2006,2,1180
Northern Ireland,2006,3,1475
Northern Ireland,2006,4,1179
Northern Ireland,2006,5,1238
Northern Ireland,2006,6,1202
Northern Ireland,2006,7,1148
Northern Ireland,2006,8,1145
Northern Ireland,2006,9,1134
Northern Ireland,2006,10,1230
Northern Ireland,2006,11,1187
Northern Ireland,2006,12,1047
Northern Ireland,2007,1,1551
Northern Ireland,2007,2,1333
Northern Ireland,2007,3,1304
Northern Ireland,2007,4,1270
Northern Ireland,2007,5,1214
Northern Ireland,2007,6,1128
Northern Ireland,2007,7,1132
Northern Ireland,2007,8,1144
Northern Ireland,2007,9,977
Northern Ireland,2007,10,1277
Northern Ireland,2007,11,1205
Northern Ireland,2007,12,1114
Northern Ireland,2008,1,1579
Northern Ireland,2008,2,1252
Northern Ireland,2008,3,1314
Northern Ireland,2008,4,1318
Northern Ireland,2008,5,1115
Northern Ireland,2008,6,1166
Northern Ireland,2008,7,1195
Northern Ireland,2008,8,1021
Northern Ireland,2008,9,1203
Northern Ireland,2008,10,1196
Northern Ireland,2008,11,1129
Northern Ireland,2008,12,1419
Northern Ireland,2009,1,1677
Northern Ireland,2009,2,1248
Northern Ireland,2009,3,1252
Northern Ireland,2009,4,1160
Northern Ireland,2009,5,1075
Northern Ireland,2009,6,1207
Northern Ireland,2009,7,1112
Northern Ireland,2009,8,975
Northern Ireland,2009,9,1148
Northern Ireland,2009,10,1155
Northern Ireland,2009,11,1158
Northern Ireland,2009,12,1246
Northern Ireland,2010,1,1445
Northern Ireland,2010,2,1242
Northern Ireland,2010,3,1427
Northern Ireland,2010,4,1165
Northern Ireland,2010,5,1012
Northern Ireland,2010,6,1163
Northern Ireland,2010,7,1057
Northern Ireland,2010,8,1111
Northern Ireland,2010,9,1111
Northern Ireland,2010,10,1150
Northern Ireland,2010,11,1288
Northern Ireland,2010,12,1286
Northern Ireland,2011,1,1538
Northern Ireland,2011,2,1176
Northern Ireland,2011,3,1305
Northern Ireland,2011,4,1096
Northern Ireland,2011,5,1223
Northern Ireland,2011,6,1164
Northern Ireland,2011,7,985
Northern Ireland,2011,8,1203
Northern Ireland,2011,9,1076
Northern Ireland,2011,10,1128
Northern Ireland,2011,11,1134
Northern Ireland,2011,12,1176
Northern Ireland,2012,1,1433
Northern Ireland,2012,2,1267
Northern Ireland,2012,3,1316
Northern Ireland,2012,4,1281
Northern Ireland,2012,5,1329
Northern Ireland,2012,6,1110
Northern Ireland,2012,7,1132
Northern Ireland,2012,8,1167
Northern Ireland,2012,9,1050
Northern Ireland,2012,10,1259
Northern Ireland,2012,11,1235
Northern Ireland,2012,12,1177
Northern Ireland,2013,1,1535
Northern Ireland,2013,2,1310
Northern Ireland,2013,3,1370
Northern Ireland,2013,4,1448
Northern Ireland,2013,5,1239
Northern Ireland,2013,6,1045
Northern Ireland,2013,7,1224
Northern Ireland,2013,8,1079
Northern Ireland,2013,9,1159
Northern Ireland,2013,10,1217
Northern Ireland,2013,11,1185
Northern Ireland,2013,12,1157
Northern Ireland,2014,1,1523
Northern Ireland,2014,2,1192
Northern Ireland,2014,3,1294
Northern Ireland,2014,4,1219
Northern Ireland,2014,5,1095
Northern Ireland,2014,6,1042
Northern Ireland,2014,7,1151
Northern Ireland,2014,8,1109
Northern Ireland,2014,9,1284
Northern Ireland,2014,10,1308
Northern Ireland,2014,11,1155
Northern Ireland,2014,12,1306
Northern Ireland,2015,1,1599
Northern Ireland,2015,2,1393
Northern Ireland,2015,3,1475
Northern Ireland,2015,4,1261
Northern Ireland,2015,5,1157
Northern Ireland,2015,6,1351
Northern Ireland,2015,7,1175
Northern Ireland,2015,8,993
Northern Ireland,2015,9,1322
Northern Ireland,2015,10,1260
Northern Ireland,2015,11,1251
Northern Ireland,2015,12,1311
Northern Ireland,2016,1,1499
Northern Ireland,2016,2,1332
Northern Ireland,2016,3,1344
Northern Ireland,2016,4,1257
Northern Ireland,2016,5,1214
Northern Ireland,2016,6,1254
Northern Ireland,2016,7,1149
Northern Ireland,2016,8,1258
Northern Ireland,2016,9,1216
Northern Ireland,2016,10,1257
Northern Ireland,2016,11,1337
Northern Ireland,2016,12,1313
Northern Ireland,2017,1,1818
Northern Ireland,2017,2,1391
Northern Ireland,2017,3,1449
Northern Ireland,2017,4,1148
Northern Ireland,2017,5,1360
Northern Ireland,2017,6,1262
Northern Ireland,2017,7,1178
Northern Ireland,2017,8,1172
Northern Ireland,2017,9,1163
Northern Ireland,2017,10,1333
Northern Ireland,2017,11,1403
Northern Ireland,2017,12,1359
Northern Ireland,2018,1,2101
Northern Ireland,2018,2,1456
Northern Ireland,2018,3,1487
Northern Ireland,2018,4,1281
Northern Ireland,2018,5,1166
Northern Ireland,2018,6,1146
Northern Ireland,2018,7,1149
Northern Ireland,2018,8,1230
Northern Ireland,2018,9,1095
Northern Ireland,2018,10,1347
Northern Ireland,2018,11,1231
Northern Ireland,2018,12,1233
Northern Ireland,2019,1,1565
Northern Ireland,2019,2,1301
Northern Ireland,2019,3,1345
Northern Ireland,2019,4,1354
Northern Ireland,2019,5,1349
Northern Ireland,2019,6,1118
Northern Ireland,2019,7,1243
Northern Ireland,2019,8,1166
Northern Ireland,2019,9,1200
Northern Ireland,2019,10,1302
Northern Ireland,2019,11,1396
Northern Ireland,2019,12,1419
Northern Ireland,2020,1,1668
Northern Ireland,2020,2,1282
Northern Ireland,2020,3,1380
Northern Ireland,2020,4,1933
Northern Ireland,2020,5,1444
Northern Ireland,2020,6,1307
